{
  "conformance": {
    "LOG_4": [
      0.9016156462585034,
      0.9798469387755103,
      0.9527994791666667,
      0.9593352192362093
    ],
    "LSTM_1": [],
    "LSTM_2": [
      0.8104395604395603,
      0.841089466089466,
      0.8277886497064579,
      0.8044699011680144,
      0.8202561327561327,
      0.7704311454311454,
      0.8271549125979507,
      0.7859347442680779,
      0.8023015873015873,
      0.8442780337941629
    ],
    "VAE": [
      0.8488095238095239,
      0.7994791666666667,
      0.8180272108843539,
      0.8080357142857143,
      0.8363095238095237,
      0.8095238095238095,
      0.7922077922077921,
      0.8333333333333334,
      0.8268849206349206,
      0.8903061224489798
    ]
  },
  "ngram_2": {
    "LOG_4": [
      0.26623970722781337,
      0.3307282415630551,
      0.07515423443634324,
      0.09637434149364735
    ],
    "LSTM_1": [],
    "LSTM_2": [
      0.133764832793959,
      0.11554220158426659,
      0.10853355426677713,
      0.12472527472527473,
      0.10060472787245739,
      0.13190100625509926,
      0.1272627537026879,
      0.10591471801925723,
      0.11530054644808743,
      0.12852494577006507
    ],
    "VAE": [
      0.08923591745677635,
      0.09615384615384616,
      0.11399392768423958,
      0.10436223081170624,
      0.10534934497816593,
      0.09759469173348079,
      0.12373668396612947,
      0.09160935350756534,
      0.10399562123700054,
      0.10978260869565218
    ]
  },
  "aed": {
    "LOG_4": [
      1273.8690233329082,
      1663.2584267144748,
      1581.8215156440472,
      2140.157312252965
    ],
    "LSTM_1": [],
    "LSTM_2": [
      5925.228260869565,
      5925.228260869565,
      5925.228260869565,
      5925.228260869565,
      5925.228260869565,
      5925.228260869565,
      5925.228260869565,
      5925.228260869565,
      5925.228260869565,
      5925.228260869565
    ],
    "VAE": [
      31750.89319412427,
      29330.944770156686,
      27136.26902665304,
      19760.20901295432,
      16327.231150895142,
      23866.060910334305,
      20446.60615280162,
      15925.058992272265,
      28205.732685876,
      26482.191319550016
    ]
  },
  "ctd": {
    "LOG_4": [
      3203.844022072348,
      7970.956223175963,
      4532.738868025751,
      5520.984659839375
    ],
    "LSTM_1": [],
    "LSTM_2": [
      8218.227467811159,
      8218.227467811159,
      8218.227467811159,
      8218.227467811159,
      8218.227467811159,
      8218.227467811159,
      8218.227467811159,
      8218.227467811159,
      8218.227467811159,
      8218.227467811159
    ],
    "VAE": [
      3809.2624985500506,
      4041.6192188509785,
      3243.17313205296,
      3767.2672046663465,
      3700.1884600725807,
      3843.190150297446,
      4071.4587303428502,
      3999.4149502046503,
      3588.2887136063086,
      3689.163206124579
    ]
  },
  "red": {
    "LOG_4": [
      1063.9000063751118,
      1989.534177498877,
      835.6851889475824,
      1326.6662055335964
    ],
    "LSTM_1": [],
    "LSTM_2": [
      3817.20652173913,
      3817.206521739131,
      3817.2065217391305,
      3817.2065217391305,
      3817.206521739131,
      3817.2065217391305,
      3817.206521739131,
      3817.206521739131,
      3817.2065217391305,
      3817.2065217391305
    ],
    "VAE": [
      945.908280504478,
      939.070408970633,
      822.0672230848861,
      932.1839172392091,
      878.8216432225063,
      985.1988734251305,
      919.324408803259,
      945.044231194546,
      813.7493729096988,
      788.8593290767204
    ]
  }
}