{
  "conformance": {
    "LOG_3": [
      0.9989498551065906,
      0.9988900367265863,
      0.9989299156465893
    ],
    "CVAE": [
      0.9739260009894196,
      0.9744049031237645,
      0.973792805250804,
      0.9783827821984086,
      0.972504611642561,
      0.9714584363978744,
      0.9731572381069252,
      0.9750464137693523,
      0.971923992497836,
      0.9730414036323752
    ],
    "OLD_CVAE": [
      0.9561848818762595,
      0.946428801955359,
      0.9584245006725809,
      0.9606663318996571,
      0.9624231054866086,
      0.9550932281065637,
      0.9582999181327587,
      0.955472381617259,
      0.9574541308841391,
      0.9511924268414449
    ],
    "LSTM_1": [
      0.9833892168761442,
      0.9828497605348055,
      0.9850613480639508,
      0.9830612993540335,
      0.985248134475556,
      0.9847312837748782,
      0.9841201919327497,
      0.9827335849431806,
      0.9831730363798891,
      0.9867107980986984
    ],
    "LSTM_2": [
      0.9888269247461158,
      0.9862035018482935,
      0.9877713892512338,
      0.9875520511279366,
      0.9872780098681382,
      0.987647180915235,
      0.9876905833507781,
      0.9870374508778735,
      0.9881201590956666,
      0.9849273428232502
    ],
    "PG_1": [
      0.4935823423738212,
      0.48628260101710236,
      0.48321572216926134
    ],
    "PG_2": [
      0.6826179181684562,
      0.679600413221571,
      0.6872457718849816
    ]
  },
  "cwd": {
    "LOG_3": [
      0.5087772232216202,
      0.441915597930443,
      0.519472058678348
    ],
    "CVAE": [
      3.159552111100739,
      3.2097942662066967,
      3.2368033172353554,
      3.2045141019663186,
      3.206762977773418,
      3.258684813556705,
      3.2150897244942502,
      3.2107175801772025,
      3.1832690501987875,
      3.145826594773194
    ],
    "LSTM_1": [
      20.270272455331877,
      20.270272455331877,
      20.270272455331877,
      20.270272455331877,
      20.270272455331877,
      20.270272455331877,
      20.270272455331877,
      20.270272455331877,
      20.270272455331877,
      20.270272455331877
    ],
    "LSTM_2": [
      14.786060570089418,
      12.794447926605097,
      12.645150140535385,
      12.82312904818509,
      15.468873507593575,
      14.690431593463565,
      15.159043545076514,
      12.73087187146143,
      12.73631078898408,
      12.779251624648369
    ]
  },
  "cwd_resources": {
    "LOG_3": [
      0.3313738913320294,
      0.36528769690822377,
      0.3845961651159422
    ],
    "CVAE": [
      3.457706245142203,
      3.4621174501388317,
      3.4257056651045867,
      3.479185343050776,
      3.412880818313355,
      3.430248074434212,
      3.4580759745138194,
      3.4140353725375028,
      3.413080256209687,
      3.4213191505415987
    ]
  },
  "ngram_2": {
    "LOG_3": [
      0.07356802943254376,
      0.07564063794259568,
      0.06368691074162615
    ],
    "CVAE": [
      0.19779519192455838,
      0.2074573789352578,
      0.1975130630332694,
      0.1998515297735829,
      0.20277634825752477,
      0.20121388045916347,
      0.2034526249408797,
      0.20022640814016243,
      0.2020022393466377,
      0.20275429865444874
    ],
    "OLD_CVAE": [
      0.2355305880533938,
      0.2305253446640419,
      0.24086269131745436,
      0.2285506039150354,
      0.2360183719942877,
      0.23298789022871158,
      0.23224299065420562,
      0.2263002533894099,
      0.24540526587506453,
      0.23119647631718312
    ],
    "LSTM_1": [
      0.11598552860779847,
      0.11132414295937243,
      0.11650837576066952,
      0.11884846786995905,
      0.11280291657731074,
      0.12082739328079188,
      0.11872561073394985,
      0.12051826505633022,
      0.11966943474946845,
      0.12219384685323101
    ],
    "LSTM_2": [
      0.21386528920002718,
      0.2123495384286535,
      0.2127434292530592,
      0.20626898572542274,
      0.20053030095946203,
      0.20838215657955692,
      0.20194898875792797,
      0.21153533271869407,
      0.20899288827712778,
      0.2026700333082626
    ],
    "PG_1": [
      0.8386024824325212,
      0.8402291958158439,
      0.8395794698010753
    ],
    "PG_2": [
      0.8201038818311462,
      0.8193801116963553,
      0.8197708751623952
    ]
  },
  "cfld": {
    "LOG_3": [
      0.12816730584423786,
      0.13700839529569797,
      0.12511652641017812
    ],
    "CVAE": [
      0.17759846164293597,
      0.19235099885297655,
      0.18077482135681588,
      0.17969563441961034,
      0.18608849362077923,
      0.18088417444530386,
      0.18966175356444723,
      0.18776438474275875,
      0.18640960117139788,
      0.18627029827017202
    ],
    "OLD_CVAE": [
      0.18641960223182294,
      0.1795530682956936,
      0.18569559199484903,
      0.17759048807423156,
      0.18758936312860786,
      0.1902858656714585,
      0.180514770624508,
      0.1712203969849762,
      0.18289580112045553,
      0.1831509552282131
    ],
    "LSTM_1": [
      0.14539310743689154,
      0.1427286960800256,
      0.14461761266866768,
      0.14900289443130285,
      0.14742056166047304,
      0.1472613886074117,
      0.15211662816929278,
      0.14201588733813503,
      0.14634051178759977,
      0.14821833150985927
    ],
    "LSTM_2": [
      0.21090182173580685,
      0.207444287829434,
      0.20812240933536783,
      0.20575655944356666,
      0.2023087458416004,
      0.2064353041036209,
      0.20506695554847965,
      0.20788421326335016,
      0.20611436826466267,
      0.2037141726564637
    ],
    "PG_1": [
      0.49901680150839783,
      0.4963564235789804,
      0.5000861665663306
    ],
    "PG_2": [
      0.45025472004607775,
      0.45144663031196985,
      0.4528060428935433
    ]
  },
  "red": {
    "LOG_3": [
      67.49474087065857,
      68.90675627440699,
      48.66570976801643
    ],
    "CVAE": [
      14.360612128316545,
      16.915330743630115,
      12.890877389957904,
      15.136184743485156,
      14.43268399232119,
      17.171628545006563,
      14.964909448264258,
      16.64156188845529,
      13.659027984207892,
      17.06387723012907
    ],
    "OLD_CVAE": [
      42.105458351977575,
      35.93080091916809,
      46.156491440585384,
      36.258016832727364,
      41.303072068277004,
      44.034345163256276,
      39.16178991654417,
      34.17870200801232,
      42.27595823293471,
      41.060228763552125
    ],
    "LSTM_1": [
      174.83118372828244,
      174.83118372828244,
      174.83118372828244,
      174.83118372828244,
      174.83118372828247,
      174.83118372828244,
      174.83118372828244,
      174.83118372828244,
      174.83118372828244,
      174.83118372828244
    ],
    "LSTM_2": [
      173.20875688951534,
      173.1707744469418,
      173.06332948164788,
      172.92479184116684,
      173.5809938495236,
      173.21246220328035,
      173.3989668668607,
      173.21439853776806,
      173.24402701063735,
      173.0446802944216
    ],
    "PG_1": [
      174.7746127744427,
      174.7742210265618,
      174.77263433895314
    ],
    "PG_2": [
      174.55003677857098,
      174.56390213650488,
      174.5507452272717
    ]
  },
  "ctd": {
    "LOG_3": [
      94.01173959445038,
      123.46104589114194,
      76.09071504802559
    ],
    "CVAE": [
      29.194236926360723,
      38.68943436499465,
      31.03201707577374,
      39.16542155816434,
      31.373532550693703,
      35.36179295624329,
      35.01067235859125,
      36.33724653148346,
      32.31910352187834,
      35.72465314834577
    ],
    "OLD_CVAE": [
      74.73959445037353,
      72.35752401280682,
      88.09818569903949,
      65.70330843116328,
      73.71931696905017,
      74.51120597652081,
      68.16115261472785,
      63.807897545357534,
      78.7812166488794,
      76.21237993596584
    ],