{
  "conformance": {
    "LOG_3": [
      0.9989299156465893,
      0.9988900367265863,
      0.9989498551065906
    ],
    "CVAE": [
      0.9742258742028963,
      0.9737558726457194,
      0.9739286812990653,
      0.9732042142523463,
      0.9756548688363331,
      0.9757735560982466,
      0.9743160765219505,
      0.973460578738079,
      0.9737378321819087,
      0.9748876743753252
    ],
    "OLD_CVAE": [
      0.8415553538399602,
      0.8369958639862968,
      0.8340714098527519,
      0.8381352617006651,
      0.8295812333600457,
      0.8509838699263569,
      0.8452906793468972,
      0.8362894374033886,
      0.8443250397839702,
      0.837088914799637
    ],
    "LSTM_1": [
      0.9371793070183101,
      0.938376624116492,
      0.9394182235270436,
      0.9373198327364156,
      0.9381943204821932,
      0.9425895471653685,
      0.9379294105136027,
      0.9373673076411809,
      0.9349850169200562,
      0.9352584723715045
    ],
    "LSTM_2": [
      0.9481830404448209,
      0.9475145937857249,
      0.9482618487867315,
      0.9486511430058071,
      0.9480026358067127,
      0.9487498908077191,
      0.9450696361903099,
      0.9485713851658014,
      0.9495028427972975,
      0.9494487214058649
    ],
    "PG_1": [
      0.4825320835406404,
      0.48516314276273564,
      0.4884730931229752
    ],
    "PG_2": [
      0.39100616414163475,
      0.40235076738436065,
      0.4005277310413715
    ]
  },
  "cwd": {
    "LOG_3": [
      0.519472058678348,
      0.441915597930443,
      0.5087772232216202
    ],
    "CVAE": [
      3.1738266536871564,
      3.1956356551362797,
      3.1779696785122793,
      3.101909236655478,
      3.2140127484952226,
      3.144949449119655,
      3.1833609032973986,
      3.1687012740554463,
      3.0260948358402535,
      3.1677853835823595
    ],
    "LSTM_1": [
      20.270272455331877,
      20.270272455331877,
      20.270272455331877,
      20.270272455331877,
      20.270272455331877,
      20.270272455331877,
      20.270272455331877,
      20.270272455331877,
      20.270272455331877,
      20.270272455331877
    ],
    "LSTM_2": [
      20.410305718212584,
      19.18981586595698,
      19.174863743803773,
      19.163159551257188,
      20.415974652452945,
      19.15113925400785,
      19.221940356706998,
      19.13820537143843,
      19.20330903162406,
      19.209428137743163
    ]
  },
  "cwd_resources": {
    "LOG_3": [
      0.3845961651159422,
      0.36528769690822377,
      0.3313738913320294
    ],
    "CVAE": [
      3.4213093962332595,
      3.441883355433986,
      3.4381248224285232,
      3.3564116266474215,
      3.4479338267725517,
      3.469030866654156,
      3.398003565289,
      3.4427146714337087,
      3.3815580636453215,
      3.4633759663177113
    ]
  },
  "ngram_2": {
    "LOG_3": [
      0.06368691074162615,
      0.07564063794259568,
      0.07356802943254376
    ],
    "CVAE": [
      0.2114736666794778,
      0.20352670385830765,
      0.19896848434584283,
      0.2035776783978223,
      0.2064885298534514,
      0.21021171570706876,
      0.19861452921338074,
      0.21220002059944382,
      0.20250424503234002,
      0.20606380649399159
    ],
    "OLD_CVAE": [
      0.2558238768951769,
      0.2488235294117647,
      0.2532126986668802,
      0.2535836678089955,
      0.25193153771863935,
      0.24709130877700927,
      0.2475465813459522,
      0.25099708236301826,
      0.24388826574050299,
      0.2597992351816444
    ],
    "LSTM_1": [
      0.3039366053169734,
      0.31244450082455916,
      0.30302872876513065,
      0.2928122110362971,
      0.30250304077843926,
      0.29575972188117916,
      0.30202439657409813,
      0.3052797396929513,
      0.30795055503389374,
      0.2986075560561073
    ],
    "LSTM_2": [
      0.16287197141590382,
      0.1564781785636099,
      0.18123197903014418,
      0.16735797781736383,
      0.1677656841714997,
      0.16610415909444934,
      0.15795163884713762,
      0.16398929914574098,
      0.16773062801437946,
      0.1589570193120489
    ],
    "PG_1": [
      0.7984203518659755,
      0.795928884308168,
      0.7967945777913673
    ],
    "PG_2": [
      0.8239136686706564,
      0.8210804603840094,
      0.8203718110362959
    ]
  },
  "cfld": {
    "LOG_3": [
      0.12433476024414246,
      0.13630641932517487,
      0.12745821226644605
    ],
    "CVAE": [
      0.2101792391053919,
      0.19435246930972744,
      0.19717192522504706,
      0.19739072317373385,
      0.20280296537647532,
      0.20382338484917895,
      0.19575422042701338,
      0.20520437365347455,
      0.19864512701272627,
      0.20770310825763175
    ],
    "OLD_CVAE": [
      0.18354879404867777,
      0.18199473327887555,
      0.18389332870405997,
      0.18403605103133747,
      0.18101996204280468,
      0.1769741821598051,
      0.17989247349526874,
      0.18132913590873942,
      0.17726555951756118,
      0.18923531747064082
    ],
    "LSTM_1": [
      0.21126129040992375,
      0.2145529560228356,
      0.21092987924600046,
      0.20506478134364745,
      0.21436195765285587,
      0.20751706638286838,
      0.2040344297259894,
      0.20836826956286741,
      0.20944653429404733,
      0.20999192476775463
    ],
    "LSTM_2": [
      0.17087513751727046,
      0.17546298790794254,
      0.17108915163692553,
      0.17016007399562272,
      0.1632511018065996,
      0.175097798552921,
      0.16302607171174685,
      0.17289600932385008,
      0.1831614634188121,
      0.1736742229704219
    ],
    "PG_1": [
      0.5087383257229566,
      0.5102410388628214,
      0.5088689543485868
    ],
    "PG_2": [
      0.6986741775364758,
      0.6933419254133985,
      0.696530840670136
    ]
  },
  "red": {
    "LOG_3": [
      48.66570976801643,
      68.90675627440699,
      67.49474087065857
    ],
    "CVAE": [
      20.759248300864627,
      15.611115292804111,
      17.77577943320524,
      19.66468218750667,
      18.72187433763951,
      18.93901881590905,
      16.427540395041536,
      21.129156471765548,
      16.14272049354077,
      14.168719266160142
    ],
    "OLD_CVAE": [
      49.86849855485882,
      46.682599908174225,
      46.575997769176226,
      51.78137513301891,
      47.45160207278363,
      46.58786782373196,
      45.21951691969413,
      49.07087733811548,
      40.649156143661166,
      51.788352099174105
    ],
    "LSTM_1": [
      174.83118372828244,
      174.83118372828244,
      174.83118372828247,
      174.83118372828247,
      174.83118372828244,
      174.83118372828244,
      174.83118372828247,
      174.83118372828244,
      174.83118372828244,
      174.83118372828244
    ],
    "LSTM_2": [
      174.34855043846187,
      174.29269336960527,
      174.3537388558579,
      174.30911704464793,
      174.38849806676026,
      174.33403768195964,
      174.35651789867663,
      174.2901877524273,
      174.269038228899,
      174.32056709810783
    ],
    "PG_1": [
      173.96351992904104,
      173.96042976462297,
      173.95268681201108
    ],
    "PG_2": [
      174.31203334979415,
      174.29930079778913,
      174.3017687785031
    ]
  },
  "ctd": {
    "LOG_3": [
      76.09071504802559,
      123.46104589114194,
      94.01173959445038
    ],
    "CVAE": [
      43.20811099252934,
      37.46424759871931,
      39.42369263607258,
      44.53895410885804,
      43.816435432230506,
      39.05976520811096,
      42.311632870864464,
      46.03842049092849,
      38.44610458911419,
      41.647812166488784
    ],
    "OLD_CVAE": [
      100.36712913553896,
      94.54855923159019,
      96.3041622198506,
      111.56350053361793,
      96.31590181430096,
      96.11312700106723,
      95.65101387406617,
      97.73212379935967,
      94.78441835645678,
      102.95410885805762
    ],