{
  "conformance": {
    "LOG_3": [
      0.9861111111111109,
      0.9878794577070439,
      0.9884320660182729
    ],
    "CVAE": [
      0.985370950888192,
      0.9863601532567049,
      0.9836617405582924,
      0.9839315036359372,
      0.9918390804597702,
      0.9806371981794338,
      0.97760602457392,
      0.983603786342123,
      0.9818682208191678,
      0.9894432216515855
    ],
    "OLD_CVAE": [
      0.9667598633115875,
      0.9876215738284705,
      0.976851851851852,
      0.9666194300110218,
      0.9776500638569604,
      0.9801278937995791,
      0.9732950191570882,
      0.9691448601940164,
      0.9691890166028096,
      0.9787086322610508
    ],
    "LSTM_1": [
      0.9104619664689946,
      0.9174170876345268,
      0.9141957683578592,
      0.9024818800790687,
      0.9217731898382018,
      0.914534668149796,
      0.907378568780126,
      0.9069844058862289,
      0.9124020792151692,
      0.9126583205212679
    ],
    "LSTM_2": [
      0.9394110134475246,
      0.9543545534924845,
      0.9419354838709677,
      0.9455142558590833,
      0.9440961337513061,
      0.954736683945609,
      0.9490646833446021,
      0.9609566184649609,
      0.9388209121245827,
      0.9567099567099566
    ],
    "PG_1": [
      0.6197012958488909,
      0.5882568270005125,
      0.5982136320374846
    ],
    "PG_2": [
      0.5775679039461161,
      0.5385094077165239,
      0.5921004465919907
    ]
  },
  "cwd": {
    "LOG_3": [
      0.9500304640441125,
      1.1037247498237803,
      1.0826047292417942
    ],
    "CVAE": [
      1.7161301694149922,
      1.386705899960627,
      1.3636909284797332,
      1.449397322777434,
      1.8200620056775418,
      1.5244564744879314,
      1.567952038621003,
      1.5678802126219924,
      1.658747130120838,
      1.58976344635574
    ],
    "LSTM_1": [
      2.2444242095155915,
      2.0789061452999484,
      2.0795328970111724,
      2.021235283654266,
      1.8278816591232585,
      2.149559087675306,
      2.1686256512843243,
      2.1505248763067097,
      3.8457646837126123,
      8.685256272282306
    ],
    "LSTM_2": [
      17.778625437752563,
      17.778625437752563,
      17.774173695369786,
      17.76297917924916,
      17.769101628228753,
      17.774458771085897,
      17.774173695369786,
      17.751085672281764,
      17.778625437752563,
      17.787589023186737
    ]
  },
  "cwd_resources": {
    "LOG_3": [
      0.9323346328546768,
      1.1099534064597847,
      1.0661505121096497
    ],
    "CVAE": [
      1.734057991137092,
      1.400919664379485,
      1.367472110618022,
      1.4633092226578708,
      1.8397957438074146,
      1.5377855923949095,
      1.5872964237141147,
      1.5873738036883118,
      1.6808822398672485,
      1.6023605585771332
    ]
  },
  "ngram_2": {
    "LOG_3": [
      0.09029021855965604,
      0.07684391080617496,
      0.06816961889425657
    ],
    "CVAE": [
      0.2966951355365763,
      0.285823754789272,
      0.2961910176236498,
      0.29472085074060006,
      0.2885682574916759,
      0.29066374908825676,
      0.2760367798836555,
      0.28949329359165427,
      0.2806518855410271,
      0.29736891917471137
    ],
    "OLD_CVAE": [
      0.3235415804716591,
      0.3257071547420965,
      0.3129554655870445,
      0.3199261235378617,
      0.3387331256490135,
      0.3336109954185756,
      0.332511809406449,
      0.3289064121186968,
      0.30936729663106,
      0.32101047443006775
    ],
    "LSTM_1": [
      0.17752100840336135,
      0.18188034188034188,
      0.17344173441734417,
      0.18810866222450026,
      0.18070263909900824,
      0.17353044702569517,
      0.17287324906047147,
      0.18731486321658825,
      0.1767180925666199,
      0.18490566037735848
    ],
    "LSTM_2": [
      0.16265709156193897,
      0.166194188518781,
      0.17928141528360386,
      0.17014818782360291,
      0.17032151690024733,
      0.17093252192589942,
      0.17957288765088208,
      0.18072720759448324,
      0.17144402379664683,
      0.16261615439599714
    ],
    "PG_1": [
      0.504025201260063,
      0.49045936395759715,
      0.5002556672916312
    ],
    "PG_2": [
      0.5304740406320542,
      0.560459940652819,
      0.5351692103516921
    ]
  },
  "cfld": {
    "LOG_3": [
      0.18287766269025768,
      0.18157251478086972,
      0.18057576771180356
    ],
    "CVAE": [
      0.2006824764537407,
      0.21374527172115304,
      0.2095995768695195,
      0.21486395657097684,
      0.20897663505066888,
      0.20670191786362532,
      0.20405299411594935,
      0.20657797114161877,
      0.20948807785038434,
      0.2078348286054733
    ],
    "OLD_CVAE": [
      0.2951248663041854,
      0.30191563152005807,
      0.2722249265887791,
      0.2901398854378853,
      0.30038269139877477,
      0.30683671949982405,
      0.28924297134068655,
      0.29788750034775924,
      0.2877858626392053,
      0.28943951064585133
    ],
    "LSTM_1": [
      0.2207407719994482,
      0.22843586539846394,
      0.22599326138860584,
      0.2216317487453337,
      0.22836142503996204,
      0.2103090116181534,
      0.22115921209300873,
      0.22268522436896457,
      0.2182824826295403,
      0.2224259021524281
    ],
    "LSTM_2": [
      0.19768185777839373,
      0.19687211624446352,
      0.19984509647410448,
      0.19914826018078427,
      0.20860461302255254,
      0.19802185633844505,
      0.20197808440729323,
      0.20378621346976789,
      0.19496670593828413,
      0.20325825436999187
    ],
    "PG_1": [
      0.3627020678504072,
      0.36071100493065733,
      0.3810542432267079
    ],
    "PG_2": [
      0.44164464226594397,
      0.469597385131707,
      0.4661267925648103
    ]
  },
  "red": {
    "LOG_3": [
      58.29583108510066,
      68.45346338396459,
      29.613077096547137
    ],
    "CVAE": [
      41.201038148364866,
      45.21957143525099,
      37.703674181183146,
      37.8530835320821,
      45.81279622209272,
      42.88717201589907,
      47.25326011619465,
      55.24498646834775,
      45.05232463704432,
      40.38949039748467
    ],
    "OLD_CVAE": [
      55.20410336154653,
      45.89833513188093,
      41.264193029844286,
      67.58192629225879,
      34.99225800188727,
      50.19955107695942,
      33.32210587328729,
      54.273257524793536,
      36.2468527158381,
      35.794305452951264
    ],
    "LSTM_1": [
      71.82240455500657,
      71.07300161506909,
      69.84252845660767,
      69.51411955297968,
      66.82852046696344,
      75.25866253773883,
      68.77167644953182,
      72.83045651702284,
      74.46348775751619,
      78.56512177898068
    ],
    "LSTM_2": [
      88.97646619350029,
      88.9764661935003,
      88.97646619350029,
      88.97646619350029,
      88.97646619350027,
      88.97646619350029,
      88.97646619350027,
      88.97646619350029,
      88.97646619350029,
      88.97646619350029
    ],
    "PG_1": [
      88.74804166173385,
      88.76028035610801,
      88.70073601269361
    ],
    "PG_2": [
      88.52740549985866,
      88.60495432344612,
      88.48881390505774
    ]
  },
  "ctd": {
    "LOG_3": [
      979.3688143067125,
      327.2764984484731,
      481.11203658337416
    ],
    "CVAE": [
      222.97452229299358,
      257.27388535031844,
      210.18471337579615,
      181.8025477707006,
      284.7643312101911,
      218.43949044585983,
      279.62420382165595,
      345.9617834394903,
      283.9745222929936,
      241.82802547770697
    ],
    "OLD_CVAE": [
      352.8980891719744,
      287.2038216560509,
      257.936305732484,
      402.07643312101897,
      171.59872611464968,
      373.2038216560508,
      176.66242038216558,
      401.3757961783438,
      222.05732484076432,
      205.0191082802547
    ],