{
  "conformance": {
    "LOG_3": [
      1.0,
      1.0,
      1.0
    ],
    "CVAE": [
      1.0,
      1.0,
      1.0,
      1.0,
      1.0,
      1.0,
      1.0,
      1.0,
      1.0,
      1.0
    ],
    "OLD_CVAE": [
      1.0,
      1.0,
      1.0,
      1.0,
      1.0,
      1.0,
      1.0,
      1.0,
      1.0,
      1.0
    ],
    "LSTM_1": [
      0.8034521158129176,
      0.7967581047381546,
      0.7786343612334802,
      0.7858719646799117,
      0.7623318385650224,
      0.7831695331695332,
      0.7902892561983471,
      0.7847222222222222,
      0.7670068027210885,
      0.7706422018348624
    ],
    "LSTM_2": [
      0.9308965517241379,
      0.9322931375317707,
      0.9326788218793829,
      0.935234244283324,
      0.9373980424143556,
      0.9408423385979495,
      0.9372754904669798,
      0.9374652584769316,
      0.9390762061403509,
      0.9373084424630816
    ]
  },
  "cwd": {
    "LOG_3": [
      0.0,
      0.0,
      0.0
    ],
    "CVAE": [
      11.50171106865581,
      11.468093465940614,
      11.507920351436141,
      11.547649684086117,
      11.476110247269519,
      11.537341900456623,
      11.497815945888354,
      11.531355480603745,
      11.47644226907463,
      11.375941819487323
    ],
    "LSTM_1": [
      17.11904761904762,
      14.794090648307517,
      14.844090648307516,
      17.285714285714285,
      17.06655192197361,
      17.035714285714285,
      17.202380952380953,
      15.569902005725702,
      17.11904761904762,
      16.277877482651352
    ],
    "LSTM_2": [
      16.428571428571427,
      16.428571428571427,
      16.428571428571427,
      16.428571428571427,
      16.428571428571427,
      16.428571428571427,
      16.428571428571427,
      16.428571428571427,
      16.428571428571427,
      16.428571428571427
    ]
  },
  "cwd_resources": {
    "LOG_3": [
      0.0,
      0.0,
      0.0
    ],
    "CVAE": [
      11.493887654505897,
      11.419266833124748,
      11.576335145958188,
      11.577978453375124,
      11.482999862177023,
      11.511691383479711,
      11.477917250066975,
      11.5367909582075,
      11.483759283531631,
      11.382941366632359
    ]
  },
  "ngram_2": {
    "LOG_3": [
      0.6234594246767828,
      0.603938534572578,
      0.6179416364422853
    ],
    "CVAE": [
      0.06374191801225415,
      0.06078564172028446,
      0.051479985685803385,
      0.05838277674182065,
      0.05697278911564626,
      0.05496749600081685,
      0.058561771799313836,
      0.058745717871315675,
      0.05765238403158289,
      0.05843462340436353
    ],
    "OLD_CVAE": [
      0.06451229654271118,
      0.06602750863879667,
      0.06889846986220306,
      0.06896493394455064,
      0.06578746630956216,
      0.06568130582910996,
      0.07021628369942977,
      0.06533532243846206,
      0.06419371807707319,
      0.06702367435475945
    ],
    "LSTM_1": [
      0.06224466929826074,
      0.05769529296100177,
      0.05987300710884119,
      0.056415910147973335,
      0.056675410741405495,
      0.05793424799378721,
      0.05759072216391073,
      0.0586651942853199,
      0.05656093029656643,
      0.05754663261608545
    ],
    "LSTM_2": [
      0.16693623318077017,
      0.17020762916465476,
      0.1679338218888908,
      0.16728777756787855,
      0.16728535093146354,
      0.16764381293971584,
      0.16620935656468652,
      0.16609121360474105,
      0.16600329398847105,
      0.16747035505294047
    ]
  },
  "cfld": {
    "LOG_3": [
      0.16653751469723693,
      0.021415794853294853,
      0.12642370018527427
    ],
    "CVAE": [
      0.06129073472823473,
      0.058354641543298946,
      0.04706242317353428,
      0.05641990896620526,
      0.052677040466392315,
      0.04948273241676019,
      0.0541705580941692,
      0.05619130291005291,
      0.051319113199900235,
      0.0556406520006057
    ],
    "OLD_CVAE": [
      0.060291336535549495,
      0.06411267937309603,
      0.06639620132096984,
      0.06679333291023105,
      0.06219198989453619,
      0.06213296156004489,
      0.0683005345563216,
      0.06114058074127518,
      0.059528243746993746,
      0.06481716692943544
    ],
    "LSTM_1": [
      0.03912275588780218,
      0.03697478811483441,
      0.03919110360661286,
      0.03717818896638341,
      0.035774355103058805,
      0.036546761708798746,
      0.03915895618441915,
      0.03731864778739779,
      0.03996515530080345,
      0.036682588673329415
    ],
    "LSTM_2": [
      0.12688116003509523,
      0.12438562766109063,
      0.12951796681542052,
      0.1282153657385139,
      0.12800123145030554,
      0.1257960446617854,
      0.12895107657260435,
      0.1276729514055903,
      0.12906721814707925,
      0.13065440004097412
    ]
  },
  "red": {
    "LOG_3": [
      908.4891398831405,
      464.285912421497,
      435.3376737360077
    ],
    "CVAE": [
      556.4102230282954,
      556.9417721204416,
      557.9596666202303,
      544.0995356516673,
      563.3597707552867,
      555.2133969238653,
      550.9002556978787,
      545.6701689977485,
      557.5545649307337,
      551.5943578473257
    ],
    "OLD_CVAE": [
      649.7230885376421,
      651.5361034358671,
      659.7529735318351,
      660.81392817806,
      650.8709995274664,
      646.0734039594485,
      649.0247012103689,
      655.1509631992602,
      639.1816240606902,
      657.3441147011872
    ],
    "LSTM_1": [
      2252.9183390686503,
      2253.9335037410747,
      2254.1190348071787,
      2252.8915627621423,
      2253.572998003572,
      2254.378963536134,
      2251.8143377193283,
      2253.96745576734,
      2253.837466987031,
      2253.4585174610834
    ],
    "LSTM_2": [
      2423.089837599532,
      2423.089837599532,
      2423.089837599532,
      2423.089837599532,
      2423.089837599532,
      2423.089837599532,
      2423.089837599532,
      2423.089837599532,
      2423.089837599532,
      2423.089837599532
    ]
  },
  "ctd": {
    "LOG_3": [
      1907.231682718478,
      813.0167075998581,
      1092.2058215141417
    ],
    "CVAE": [
      1241.1887345679017,
      1220.3342592592608,
      1196.0447530864203,
      1204.8492283950623,
      1202.2586419753084,
      1174.6987654320997,
      1195.807716049383,
      1188.46574074074,
      1173.4375,
      1206.2450617283944
    ],
    "OLD_CVAE": [
      1419.0391975308637,
      1438.4373456790129,
      1472.8438271604932,
      1474.3756172839508,
      1432.0089506172837,
      1419.5072530864204,
      1457.256790123458,
      1449.03024691358,
      1395.7373456790133,
      1457.0924382716046
    ],
    "LSTM_1": [
      3619.059413580247,
      3619.757098765432,
      3620.14274691358,
      3618.4347222222223,
      3620.4362654320985,
      3620.3813271604936,
      3617.1495370370367,
      3620.14274691358,
      3616.9472222222225,
      3620.234413580247
    ],
    "LSTM_2": [
      3888.451851851852,
      3888.451851851852,
      3888.451851851852,
      3888.451851851852,
      3888.451851851852,
      3888.451851851852,
      3888.451851851852,
      3888.451851851852,
      3888.451851851852,
      3888.451851851852
    ]
  }
}