{
  "conformance": {
    "LOG_4": [
      0.8296353524085819,
      0.8144335292324838,
      0.8068994249621956,
      0.8250711049108348
    ],
    "LSTM_1": [],
    "LSTM_2": [
      0.6703874468003528,
      0.6730458315759876,
      0.6666171414695244,
      0.6609217437981673,
      0.6609169510371534,
      0.665931776644556,
      0.6572808430147106,
      0.6678313075930115,
      0.6645961939087203,
      0.6660979256930332
    ],
    "VAE": [
      0.7885114323326048,
      0.8036341909180374,
      0.7896521094538809,
      0.7726857354651535,
      0.7857108623135617,
      0.7913503444397582,
      0.7893102258348988,
      0.7789338982400982,
      0.7829757933617064,
      0.785845059621947
    ]
  },
  "ngram_2": {
    "LOG_4": [
      0.4750052642661613,
      0.43190661478599224,
      0.3847621917533022,
      0.36743322677116635
    ],
    "LSTM_1": [],
    "LSTM_2": [
      0.4558815641259454,
      0.4507245601839474,
      0.43194141651294093,
      0.45139338950097213,
      0.4357477278986505,
      0.44463724108014313,
      0.44701476096056403,
      0.44426546391752575,
      0.4560344827586207,
      0.44228759967005776
    ],
    "VAE": [
      0.38375094912680335,
      0.3956374021369836,
      0.39895710350255803,
      0.4013895781637717,
      0.39398757763975156,
      0.38171852002233164,
      0.38806792566247555,
      0.39141781681304894,
      0.39791666666666664,
      0.40362035225048926
    ]
  },
  "aed": {
    "LOG_4": [
      66.37824680564773,
      171.61168685885605,
      109.17388975821966,
      109.52636765314891
    ],
    "LSTM_1": [],
    "LSTM_2": [
      523.2683356996462,
      523.2631480994745,
      523.3414830981499,
      523.2662320326352,
      523.3022051583984,
      523.2886935868016,
      523.2987706480251,
      523.2513010748065,
      523.2584170201792,
      523.304660371912
    ],
    "VAE": [
      938.9406901839827,
      918.8221537137644,
      936.3183576719453,
      786.9978071028014,
      648.2308834273418,
      992.6615269617353,
      772.9816367865368,
      732.9116519196114,
      881.9484109543305,
      772.6177438045676
    ]
  },
  "ctd": {
    "LOG_4": [
      143.79746948572597,
      228.94160583941607,
      194.53172064507535,
      176.37126944094157
    ],
    "LSTM_1": [],
    "LSTM_2": [
      415.2275211127671,
      415.179085941381,
      415.3750620963735,
      415.1904495777447,
      415.24795081967216,
      415.2727893691009,
      415.25782414307,
      415.2136736214605,
      415.17529806259313,
      415.3192374565325
    ],
    "VAE": [
      95.02788127173373,
      108.02545951316444,
      112.23273720814706,
      145.89660953800296,
      134.06662940884254,
      118.74751614505713,
      84.78030303030302,
      138.46162444113264,
      141.64530551415797,
      105.65021112767013
    ]
  },
  "red": {
    "LOG_4": [
      65.44315583144389,
      109.28518760011526,
      110.76576406339024,
      87.69330449497232
    ],
    "LSTM_1": [],
    "LSTM_2": [
      198.88323406065106,
      198.88385015234013,
      198.95494985833534,
      198.88305491934153,
      198.91680497646692,
      198.90209402834714,
      198.91252766671826,
      198.8660570693575,
      198.87218020515354,
      198.92176480353535
    ],
    "VAE": [
      34.07685048633574,
      49.53691912239744,
      48.62190000221878,
      59.09826377000297,
      52.62360066279685,
      50.18744106536081,
      37.34961279400378,
      46.529949405073666,
      56.48722096286646,
      45.47928981184147
    ]
  }
}