{
  "conformance": {
    "LOG_4": [
      0.9988322247193043,
      0.9987989323843415,
      0.9987479412833826,
      0.9983505546868838
    ],
    "LSTM_1": [],
    "LSTM_2": [
      0.7551846852374523,
      0.7412066011280639,
      0.748791035482654,
      0.759117228653368,
      0.7490500993077998,
      0.7514884807497398,
      0.7511532885198364,
      0.7485956013689479,
      0.7519918372170181,
      0.747073033273794
    ],
    "VAE": [
      0.9756934502302032,
      0.9787840362143957,
      0.9785113374510848,
      0.9765263177031493,
      0.9778739040918449,
      0.981213327697559,
      0.9806542952327711,
      0.9765808574558114,
      0.9788658458433891,
      0.9794032896560814
    ]
  },
  "ngram_2": {
    "LOG_4": [
      0.07315738654650789,
      0.08513810294801302,
      0.09103196806337031,
      0.069493370908858
    ],
    "LSTM_1": [],
    "LSTM_2": [
      0.5494092464310394,
      0.5626205542959629,
      0.5508420877105219,
      0.5508921330089214,
      0.562965555166725,
      0.5587635074102573,
      0.556030205687953,
      0.5567696600880879,
      0.5536443488841108,
      0.5524067170334203
    ],
    "VAE": [
      0.1477843869599299,
      0.13773426050079515,
      0.13672905413892728,
      0.13175596218072347,
      0.13921433494141972,
      0.12513395952846246,
      0.1262105246528381,
      0.14886795621440893,
      0.1354781952997361,
      0.14098340274756013
    ]
  },
  "aed": {
    "LOG_4": [
      42.10774745053929,
      50.160245849712325,
      106.95067414942429,
      38.78621116988527
    ],
    "LSTM_1": [],
    "LSTM_2": [
      530.123106814734,
      530.15069970919,
      530.1988818065059,
      530.1493656927236,
      530.0983867755157,
      530.1015852801086,
      530.1544710774126,
      530.180926773582,
      530.1739534744779,
      530.0462865305059
    ],
    "VAE": [
      753.1439285390957,
      812.1984778134353,
      701.7796168812815,
      896.8913217658002,
      936.3348883491971,
      829.5270822520913,
      909.0440448757063,
      764.3898023600059,
      868.586922645838,
      803.1680494417365
    ]
  },
  "ctd": {
    "LOG_4": [
      82.20337250465376,
      105.715718253565,
      131.10088938715745,
      114.77065338888325
    ],
    "LSTM_1": [],
    "LSTM_2": [
      369.749115534703,
      369.7708269012419,
      369.63800442359184,
      369.7759354580745,
      369.61501591784474,
      369.6852585742942,
      369.70441566241686,
      369.70824708004136,
      369.64566725884083,
      369.5409418437706
    ],
    "VAE": [
      104.5795327053925,
      80.89498608981143,
      87.59741265430692,
      82.89243181139508,
      80.12103972965814,
      76.97672299913452,
      64.78898353553299,
      105.94224024051387,
      80.28962210513711,
      90.05845990845764
    ]
  },
  "red": {
    "LOG_4": [
      51.07702517798249,
      73.7184992467026,
      70.93825839610403,
      59.94802763966242
    ],
    "LSTM_1": [],
    "LSTM_2": [
      175.64169800921852,
      175.64626659463556,
      175.62476242239993,
      175.66211470726162,
      175.62865166632383,
      175.6246879944257,
      175.6545068263073,
      175.67067183390492,
      175.61200922723492,
      175.55336115996593
    ],
    "VAE": [
      50.0770356112552,
      34.67139392753104,
      44.53159224456767,
      39.71466497663881,
      37.934138790824704,
      36.582290586405804,
      31.391724259485116,
      51.714440459629905,
      39.46561470219973,
      44.402517952217636
    ]
  }
}