{
  "conformance": {
    "LOG_4": [
      0.9998844571798308,
      0.9998148177968148,
      0.9996897064958209,
      0.9998696486334622
    ],
    "LSTM_1": [],
    "LSTM_2": [
      0.774325403330284,
      0.7750009253726606,
      0.781055506496116,
      0.7723913744692327,
      0.782183139181336,
      0.7785279171712151,
      0.7728990074717232,
      0.7741918852749414,
      0.7780890261378117,
      0.7801182361868303
    ],
    "VAE": [
      0.974832507548397,
      0.976896088581959,
      0.9740485847086133,
      0.9752092664174331,
      0.9742838937566427,
      0.9739534035206463,
      0.9757618460920191,
      0.9752370275972566,
      0.9726539159127083,
      0.973724704277337
    ]
  },
  "ngram_2": {
    "LOG_4": [
      0.1711836124057771,
      0.14871794871794872,
      0.12677385402678473,
      0.12102720569539792
    ],
    "LSTM_1": [],
    "LSTM_2": [
      0.5244560419078264,
      0.49906129637873303,
      0.5084966811360053,
      0.5185279436233728,
      0.5025846547017483,
      0.5017076767833579,
      0.5108017469973483,
      0.5138649537834874,
      0.504393468118196,
      0.50188533307551
    ],
    "VAE": [
      0.1421636370079019,
      0.14211675334126125,
      0.14258329043823995,
      0.1608873573120827,
      0.1523307977374683,
      0.14767797453950643,
      0.12946610997601493,
      0.14681117720781628,
      0.14317377471132878,
      0.14584635160950526
    ]
  },
  "aed": {
    "LOG_4": [
      27.614470348405053,
      54.70932479674499,
      39.44362494563285,
      21.733920615816732
    ],
    "LSTM_1": [],
    "LSTM_2": [
      523.1933103661111,
      521.9472821230412,
      522.2013068970365,
      522.8010150128637,
      522.0182265930827,
      522.351699420842,
      522.3901447258238,
      522.7969645772383,
      522.6029471974069,
      522.2233566118567
    ],
    "VAE": [
      792.411280838987,
      757.9734310985402,
      754.1766142473219,
      592.2289155840358,
      441.00923066695276,
      798.6296734899739,
      594.73571447354,
      577.6363785846023,
      640.8391626852385,
      571.6208787923961
    ]
  },
  "ctd": {
    "LOG_4": [
      84.01316738816737,
      77.14090484678718,
      58.24560678106265,
      43.857504120661986
    ],
    "LSTM_1": [],
    "LSTM_2": [
      330.71492037762465,
      329.0284419229441,
      329.726807450433,
      330.44300358713434,
      329.1755444489471,
      329.4756930373572,
      329.92337083421774,
      330.45934831224577,
      329.5752472721269,
      329.01952661833786
    ],
    "VAE": [
      58.89374749404467,
      51.660242844492466,
      59.137383171558504,
      66.77851321536312,
      82.11568883485673,
      67.6461087204029,
      63.675914311872695,
      70.80905210028537,
      54.76378302232685,
      56.40214713468799
    ]
  },
  "red": {
    "LOG_4": [
      46.30980325679184,
      41.264430739062426,
      44.55907593178896,
      29.168490471869404
    ],
    "LSTM_1": [],
    "LSTM_2": [
      154.61256347300753,
      153.37214214132058,
      153.62550256769228,
      154.22149585435156,
      153.44488495097568,
      153.77440485664152,
      153.811695466964,
      154.220345507733,
      154.02437308665736,
      153.6478868783213
    ],
    "VAE": [
      42.631668558056454,
      44.546376228161776,
      42.25947059437933,
      41.571117288327756,
      47.3049770028794,
      47.771089500148705,
      43.57209138198833,
      50.3504521195738,
      37.73176044306791,
      32.76781388729084
    ]
  }
}