{
  "conformance": {
    "LOG_4": [
      0.9989299156465893,
      0.9989498551065906,
      0.9988900367265863,
      0.9986042377998989
    ],
    "LSTM_1": [
      0.6281119800073681,
      0.633548806101095,
      0.6326097524848365,
      0.6272289467787329,
      0.6318264165562083,
      0.6279818987683111,
      0.6349141843621462,
      0.6356054189755296,
      0.6288744269778994,
      0.6269137134110908
    ],
    "LSTM_2": [
      0.7665924792154867,
      0.7568439822709715,
      0.7648567966972658,
      0.7734924818740814,
      0.7634543880104976,
      0.7650998682096644,
      0.7654397885277842,
      0.7625628092990044,
      0.7634904689381193,
      0.7609676524988891
    ],
    "VAE": [
      0.9764353562706752,
      0.9788888593489482,
      0.9782232611841382,
      0.9773990968374117,
      0.9775111376126581,
      0.9795003361223258,
      0.9797215691785324,
      0.9765606900192557,
      0.9789572232118103,
      0.9789676676908586
    ]
  },
  "ngram_2": {
    "LOG_4": [
      0.06358117545933169,
      0.0735166695549009,
      0.07564262704621655,
      0.06457394375477715
    ],
    "LSTM_1": [
      0.7630615824436864,
      0.762823450977124,
      0.7664186798183288,
      0.7683913426204083,
      0.7648260065678726,
      0.7659252681383636,
      0.7613427031452549,
      0.7630601394738659,
      0.7648333032478443,
      0.7675654725651957
    ],
    "LSTM_2": [
      0.49576176667410216,
      0.5038118728628286,
      0.4977205648010864,
      0.4925710144119533,
      0.5076391766818621,
      0.502271719858156,
      0.5044698096681357,
      0.5003487431297603,
      0.502177229233116,
      0.49972613244235087
    ],
    "VAE": [
      0.13545392771516854,
      0.12670029435028982,
      0.1266175436769339,
      0.12500162204949197,
      0.12762933114249572,
      0.11962658252604404,
      0.11408585639854588,
      0.1351496340575545,
      0.12668947484812612,
      0.12869671101208596
    ]
  },
  "aed": {
    "LOG_4": [
      39.2785876878516,
      47.63802602309801,
      98.237040657376,
      41.539661976242094
    ],
    "LSTM_1": [
      338.43037971830233,
      338.4256766429084,
      338.43017817263325,
      338.4443763052337,
      338.42132253226276,
      338.4347328429354,
      338.4139513197255,
      338.4199787937933,
      338.4412197400894,
      338.42550376240143
    ],
    "LSTM_2": [
      523.6643893549403,
      523.739266318323,
      523.8558174401269,
      523.6102562421687,
      523.6929688995219,
      523.6717538936484,
      523.6680844711135,
      523.8163301149616,
      523.8691536558746,
      523.6651196993995
    ],
    "VAE": [
      760.6357920765784,
      825.0293219898936,
      715.3437308145529,
      902.0111246074084,
      932.2441256883437,
      842.6647593645704,
      914.8223712942435,
      762.1544802981814,
      872.636193207821,
      820.3574231139853
    ]
  },
  "ctd": {
    "LOG_4": [
      76.08644610458909,
      94.00747065101388,
      123.45677694770544,
      109.67235859124867
    ],
    "LSTM_1": [
      367.452508004269,
      367.46851654215584,
      367.46958377801496,
      367.45891141942377,
      367.44610458911427,
      367.45037353255077,
      367.452508004269,
      367.4429028815369,
      367.4631803628602,
      367.4482390608325
    ],
    "LSTM_2": [
      362.8996798292423,
      362.9338313767343,
      362.82070437566705,
      362.9156883671292,
      362.7940234791889,
      362.8484525080043,
      362.8623265741729,
      362.87620064034155,
      362.8313767342583,
      362.7427961579509
    ],
    "VAE": [
      93.65101387406617,
      76.61899679829241,
      78.10779082177162,
      75.8858057630736,
      71.79722518676627,
      69.13553895410887,
      57.42582710779083,
      90.29775880469583,
      74.11419423692632,
      76.72998932764142
    ]
  },
  "red": {
    "LOG_4": [
      48.645274007662394,
      67.4820307423255,
      68.89545599132222,
      58.05904551947682
    ],
    "LSTM_1": [
      174.6688380786274,
      174.66504403946732,
      174.66997745523014,
      174.67823355224596,
      174.65591493149915,
      174.6666691706756,
      174.66106849446953,
      174.65226838233048,
      174.67837211059543,
      174.66540145496938
    ],
    "LSTM_2": [
      171.65096610804332,
      171.71066896731406,
      171.77255893223958,
      171.58851304412542,
      171.68997622503025,
      171.6633737081417,
      171.63749411348448,
      171.78192888843387,
      171.79766744899516,
      171.64728387277802
    ],
    "VAE": [
      47.91113616743763,
      37.42273186207953,
      42.611801335023905,
      38.78393521582984,
      36.9967269091095,
      35.11131358826244,
      29.11867418096358,
      47.693390375467324,
      38.611936462366266,
      42.21679116929434
    ]
  }
}