{
  "conformance": {
    "LOG_4": [
      0.9986042377998989,
      0.9988900367265863,
      0.9989498551065906,
      0.9989299156465893
    ],
    "LSTM_1": [
      0.6269137134110908,
      0.6288744269778994,
      0.6349141843621462,
      0.6356054189755296,
      0.6279818987683111,
      0.6318264165562083,
      0.6281119800073681,
      0.633548806101095,
      0.6272289467787329,
      0.6326097524848365
    ],
    "LSTM_2": [
      0.7937509732355478,
      0.7915297928643124,
      0.7846290719956202,
      0.7898428390752648,
      0.7922934936592517,
      0.7950157046984964,
      0.789549444163815,
      0.7891953341241598,
      0.7866031515740779,
      0.7951353414585052
    ],
    "VAE": [
      0.9683305028956332,
      0.9681900897519349,
      0.9714349688195247,
      0.9708223063729099,
      0.9704532684023225,
      0.9681060730943402,
      0.9705538888273564,
      0.9717627520759194,
      0.9698703261346464,
      0.9703432101370731
    ]
  },
  "ngram_2": {
    "LOG_4": [
      0.06457394375477715,
      0.07564262704621655,
      0.0735166695549009,
      0.06358117545933169
    ],
    "LSTM_1": [
      0.7630615824436864,
      0.762823450977124,
      0.7664186798183288,
      0.7683913426204083,
      0.7648260065678726,
      0.7659252681383636,
      0.7613427031452549,
      0.7630601394738659,
      0.7648333032478443,
      0.7675654725651957
    ],
    "LSTM_2": [
      0.3949606389702925,
      0.3872214643019554,
      0.39617683578296903,
      0.40224996767287824,
      0.3903675901784947,
      0.3911738645782719,
      0.39459132538448244,
      0.3870967741935484,
      0.38854285714285713,
      0.3849213161659514
    ],
    "VAE": [
      0.11038492329094321,
      0.10885844748858448,
      0.10832561597558271,
      0.11438589091292542,
      0.11641096678079507,
      0.11522509118200851,
      0.10240268597209107,
      0.11706017551190974,
      0.10288282132814758,
      0.1047075904827929
    ]
  },
  "aed": {
    "LOG_4": [
      41.539661976242094,
      98.237040657376,
      47.63802602309801,
      39.2785876878516
    ],
    "LSTM_1": [
      338.43037971830233,
      338.4256766429084,
      338.43017817263325,
      338.4443763052337,
      338.42132253226276,
      338.4347328429354,
      338.4139513197255,
      338.4199787937933,
      338.4412197400894,
      338.42550376240143
    ],
    "LSTM_2": [
      523.307838823412,
      522.4712017757373,
      522.5741933257768,
      523.0355863674536,
      522.4574792054487,
      522.7155114798198,
      522.7241005359836,
      523.04194339814,
      522.8872165314956,
      522.5911223978569
    ],
    "VAE": [
      841.353577556231,
      813.2916731713141,
      816.8705541199973,
      659.7496161925806,
      511.5374183774659,
      863.5593246156915,
      655.1033165347784,
      629.6616183260934,
      723.9703223913117,
      641.7389397092908
    ]
  },
  "ctd": {
    "LOG_4": [
      109.67235859124867,
      123.45677694770544,
      94.00747065101388,
      76.08644610458909
    ],
    "LSTM_1": [
      367.452508004269,
      367.46851654215584,
      367.46958377801496,
      367.45891141942377,
      367.44610458911427,
      367.45037353255077,
      367.452508004269,
      367.4429028815369,
      367.4631803628602,
      367.4482390608325
    ],
    "LSTM_2": [
      353.1141942369263,
      351.90821771611525,
      352.43436499466384,
      352.92102454642475,
      352.025613660619,
      352.2251867662753,
      352.55389541088584,
      352.9348986125934,
      352.2956243329776,
      351.91782283884737
    ],
    "VAE": [
      70.02134471718249,
      67.86339381003202,
      73.49199573105658,
      89.23479188900743,
      97.97972251867662,
      83.02241195304163,
      70.38527214514406,
      89.75880469583778,
      80.0832443970116,
      69.08537886872999
    ]
  },
  "red": {
    "LOG_4": [
      58.05904551947682,
      68.89545599132222,
      67.4820307423255,
      48.645274007662394
    ],
    "LSTM_1": [
      174.6688380786274,
      174.66504403946732,
      174.66997745523014,
      174.67823355224596,
      174.65591493149915,
      174.6666691706756,
      174.66106849446953,
      174.65226838233048,
      174.67837211059543,
      174.66540145496938
    ],
    "LSTM_2": [
      170.26760546314156,
      169.43526120811708,
      169.53260471099048,
      169.99603966588774,
      169.41836724197464,
      169.67483206000833,
      169.68218735306598,
      170.0039741247263,
      169.8465261006228,
      169.55148464766847
    ],
    "VAE": [
      39.078759194700545,
      45.9572145161588,
      44.15683133852506,
      47.451516181036,
      48.67117672948789,
      47.90915819802434,
      40.95648315252255,
      48.41508373548141,
      43.92913115367077,
      37.082504887641804
    ]
  }
}