{
  "conformance": {
    "LOG_4": [
      0.9864417264164206,
      0.9861033131227385,
      0.9831851305122077,
      0.9842682412484184
    ],
    "LSTM_1": [],
    "LSTM_2": [
      0.8152349548384976,
      0.8158210410424667,
      0.8311962183746241,
      0.8259844331122272,
      0.8235469717966554,
      0.8077856348628175,
      0.8185186808130712,
      0.8130960140660688,
      0.813561596564549,
      0.8140819534746148
    ],
    "VAE": [
      0.9454775507074115,
      0.9524722430669288,
      0.9422650314678995,
      0.9503305635739209,
      0.9454172988546671,
      0.9413722085590495,
      0.9370313364408684,
      0.9337257007016603,
      0.9505797871466365,
      0.9384554711421013
    ]
  },
  "ngram_2": {
    "LOG_4": [
      0.09256252029879831,
      0.07676479898702121,
      0.11078928312816799,
      0.058078927773641105
    ],
    "LSTM_1": [],
    "LSTM_2": [
      0.33483907396950874,
      0.34454055818508245,
      0.3334426498319259,
      0.33911797484476996,
      0.3396333091026573,
      0.34230459307010475,
      0.32354828360603144,
      0.35032786885245903,
      0.3271691571039379,
      0.3048524907302918
    ],
    "VAE": [
      0.12353123067408782,
      0.13612202449734226,
      0.1322565899740972,
      0.1395453861207286,
      0.12952722174624193,
      0.13778784446961118,
      0.1392463947898899,
      0.13682564503518374,
      0.1411061511689491,
      0.12366721145614444
    ]
  },
  "aed": {
    "LOG_4": [
      26.042575417745084,
      38.63988387891377,
      58.26941101587175,
      57.35790358448814
    ],
    "LSTM_1": [],
    "LSTM_2": [
      493.250732894821,
      493.38614284557434,
      493.446436826687,
      493.14689465951056,
      493.28279364791973,
      493.2683400540829,
      493.19782014871214,
      493.4691442399863,
      493.4976947087375,
      493.2143769553856
    ],
    "VAE": [
      797.783449089507,
      890.2991439714533,
      782.7855225192932,
      925.6180588794145,
      905.8869662778188,
      906.7483127150949,
      942.0935375037628,
      743.7777840277008,
      890.8036224666467,
      910.9915392481745
    ]
  },
  "ctd": {
    "LOG_4": [
      40.44000000000002,
      34.476716206652505,
      76.24722222222223,
      86.18104575163397
    ],
    "LSTM_1": [],
    "LSTM_2": [
      331.9222222222222,
      331.96118326118324,
      331.9936507936508,
      331.8600288600288,
      331.9184704184704,
      331.95093795093794,
      331.9379509379509,
      332.0196248196248,
      332.041847041847,
      331.9464646464646
    ],
    "VAE": [
      37.017604617604604,
      51.294660894660886,
      26.310101010100997,
      36.709090909090904,
      28.08210678210677,
      27.324963924963917,
      18.711399711399707,
      17.642568542568547,
      39.69841269841268,
      12.51890331890332
    ]
  },
  "red": {
    "LOG_4": [
      33.18500600104435,
      32.33329836136075,
      54.8860133453039,
      48.66407347693355
    ],
    "LSTM_1": [],
    "LSTM_2": [
      156.0043249163909,
      156.00263649749596,
      155.99783093954164,
      156.06789942863512,
      156.004222766245,
      156.0329185966,
      156.01851840890572,
      156.00461795024728,
      155.95427865666008,
      155.98087651630587
    ],
    "VAE": [
      33.99044158178932,
      50.69103861267725,
      31.494939115099875,
      33.10561949008907,
      30.221380822225356,
      26.895193223696815,
      16.62717041220502,
      22.229815127191458,
      33.228976947150784,
      28.59328184990239
    ]
  }
}