{
  "conformance": {
    "LOG_4": [
      0.9884320660182729,
      0.9878794577070439,
      0.9861111111111109,
      0.9844532861774241
    ],
    "LSTM_1": [
      0.8616296947067866,
      0.852368401786368,
      0.8428142616589794,
      0.8380921004465922,
      0.8522951899846254,
      0.8364448349073871,
      0.8507211362471631,
      0.8378358591404934,
      0.849366717914928,
      0.8594333406545134
    ],
    "LSTM_2": [
      0.908485247821949,
      0.9058130170583498,
      0.8847280181565268,
      0.8972106303536131,
      0.9018595797642579,
      0.8926348927447104,
      0.8795299802328135,
      0.9171974522292992,
      0.9032506039973642,
      0.8884618200453912
    ],
    "VAE": [
      0.9745222929936306,
      0.9638699758401056,
      0.9717402445274178,
      0.9697269199795008,
      0.9713009737169634,
      0.9715572150230618,
      0.9731312687605244,
      0.9749615638040852,
      0.969763525880372,
      0.9631744637235521
    ]
  },
  "ngram_2": {
    "LOG_4": [
      0.06816961889425657,
      0.07684391080617496,
      0.09029021855965604,
      0.08081517919887561
    ],
    "LSTM_1": [
      0.2381981981981982,
      0.22208545806224722,
      0.232440007006481,
      0.2285866288348998,
      0.2199895159881181,
      0.2542738887889149,
      0.2313990744037024,
      0.23577235772357724,
      0.21922132585057874,
      0.2356311859697864
    ],
    "LSTM_2": [
      0.20901567177319952,
      0.22650946766702393,
      0.2153819624073116,
      0.22546897546897546,
      0.21837911156324177,
      0.2058011049723757,
      0.2411723163841808,
      0.20402249872166353,
      0.2121630960608155,
      0.2170756999654338
    ],
    "VAE": [
      0.08950948800572861,
      0.10299727520435967,
      0.10384331116038432,
      0.09045936395759717,
      0.08228530362917715,
      0.09452376649195735,
      0.08941605839416059,
      0.08023129743404409,
      0.08791208791208792,
      0.08903738486545061
    ]
  },
  "aed": {
    "LOG_4": [
      357.30320072244115,
      193.22076846585685,
      471.2500004323524,
      287.000575812767
    ],
    "LSTM_1": [
      1152.4839602343966,
      1152.2631876774235,
      1152.251572617476,
      1152.3296417281824,
      1152.2037155892806,
      1152.4584343521544,
      1152.335069041799,
      1152.2870061021977,
      1152.2389841632212,
      1152.201787572794
    ],
    "LSTM_2": [
      1259.970928639246,
      1259.986925663056,
      1259.98193990807,
      1259.9869256630557,
      1259.9772937401112,
      1259.9815704327807,
      1259.9865515515703,
      1259.9851871373255,
      1259.9804901964844,
      1259.9869256630557
    ],
    "VAE": [
      1770.0674840196548,
      1762.4399223890478,
      2493.4526976244624,
      2390.314826506635,
      2446.9597931317116,
      1967.4827832275816,
      2225.225760923709,
      1932.693378484758,
      1873.22582424264,
      1702.9325090725129
    ]
  },
  "ctd": {
    "LOG_4": [
      481.11203658337416,
      327.2764984484731,
      979.3688143067125,
      283.73297403233715
    ],
    "LSTM_1": [
      498.87898089171966,
      498.86624203821646,
      498.904458598726,
      498.91082802547766,
      498.7643312101911,
      498.9490445859872,
      498.936305732484,
      498.9745222929935,
      498.80891719745216,
      498.73885350318466
    ],
    "LSTM_2": [
      504.904458598726,
      504.91082802547766,
      504.91082802547766,
      504.91082802547766,
      504.904458598726,
      504.91082802547766,
      504.9235668789808,
      504.91082802547766,
      504.9235668789808,
      504.91082802547766
    ],
    "VAE": [
      318.68789808917194,
      497.4777070063693,
      317.4331210191082,
      626.1656050955413,
      276.2993630573248,
      366.84076433121015,
      177.7197452229299,
      318.3503184713376,
      412.2547770700636,
      221.6624203821656
    ]
  },
  "red": {
    "LOG_4": [
      29.613077096547137,
      68.45346338396459,
      58.29583108510066,
      31.955806197321337
    ],
    "LSTM_1": [
      85.91840615271168,
      85.76711177976154,
      85.78071081072993,
      85.8020578114791,
      85.73118468642659,
      85.8955155067955,
      85.79718460588373,
      85.77277181966011,
      85.7516265930237,
      85.75399558106854
    ],
    "LSTM_2": [
      88.97572214588124,
      88.97646619350029,
      88.97646619350029,
      88.97646619350029,
      88.97543420175622,
      88.97646619350029,
      88.97646619350029,
      88.97646619350029,
      88.97646619350029,
      88.97646619350029
    ],
    "VAE": [
      31.166858049336238,
      42.69400018841035,
      35.6603099482688,
      47.12728762407598,
      33.332794934193075,
      34.43004561102272,
      29.5781562896168,
      31.901007857235083,
      37.252648016472776,
      27.00947511621057
    ]
  }
}