{
  "conformance": {
    "LOG_4": [
      0.9875527895087797,
      0.9766614803289619,
      0.9821719641401794,
      0.9680195599022006
    ],
    "LSTM_1": [],
    "LSTM_2": [
      0.8306580206229404,
      0.8626554693313492,
      0.805676623790794,
      0.8241734878282132,
      0.7966407994046986,
      0.7710215796747104,
      0.7580525140852556,
      0.7886680131816735,
      0.7975975337514617,
      0.7523121080046772
    ],
    "VAE": [
      0.9331348995428936,
      0.9670458169448285,
      0.9501435101520145,
      0.9756564260656957,
      0.9644945253534603,
      0.974593387902626,
      0.9749122993515467,
      0.9492930796215585,
      0.9737429573721696,
      0.9281386201764643
    ]
  },
  "ngram_2": {
    "LOG_4": [
      0.24696356275303644,
      0.22496749024707413,
      0.2939787485242031,
      0.3517534537725824
    ],
    "LSTM_1": [],
    "LSTM_2": [
      0.31798561151079136,
      0.26620689655172414,
      0.3016344725111441,
      0.3343465045592705,
      0.3413173652694611,
      0.30666666666666664,
      0.31004366812227074,
      0.30057803468208094,
      0.3100303951367781,
      0.367601246105919
    ],
    "VAE": [
      0.26515151515151514,
      0.23036649214659685,
      0.2864721485411141,
      0.3,
      0.25699745547073793,
      0.2784019975031211,
      0.22164948453608246,
      0.2773722627737226,
      0.2922318125770654,
      0.2768817204301075
    ]
  },
  "aed": {
    "LOG_4": [
      529.6004150200896,
      401.0064297513007,
      290.55896550370863,
      518.7482101225219
    ],
    "LSTM_1": [],
    "LSTM_2": [
      1438.8794788273617,
      1438.8794788273617,
      1438.8794788273617,
      1438.8794788273617,
      1438.8794788273617,
      1438.8794788273617,
      1438.8765289748542,
      1438.8794788273617,
      1438.8794788273617,
      1438.8794788273615
    ],
    "VAE": [
      1199.250792323268,
      1487.9522519418692,
      2275.327417724363,
      2152.642645066444,
      1755.3167863995359,
      1249.784980333786,
      1832.917250144601,
      1331.85805879685,
      1449.4504541265364,
      1074.155874707992
    ]
  },
  "ctd": {
    "LOG_4": [
      117.95454545454548,
      71.25252525252526,
      105.09722222222221,
      121.68222222222224
    ],
    "LSTM_1": [],
    "LSTM_2": [
      360.05555555555554,
      360.05555555555554,
      360.05555555555554,
      360.05555555555554,
      360.05555555555554,
      360.05555555555554,
      360.05555555555554,
      360.05555555555554,
      360.05555555555554,
      360.05555555555554
    ],
    "VAE": [
      109.24396135265701,
      132.20048309178745,
      105.00241545893721,
      83.16666666666669,
      126.84782608695654,
      105.96859903381643,
      121.72222222222223,
      87.29227053140096,
      108.61111111111111,
      132.98067632850243
    ]
  },
  "red": {
    "LOG_4": [
      24.43092643727575,
      27.574571221266805,
      36.898604188741935,
      117.4442974696451
    ],
    "LSTM_1": [],
    "LSTM_2": [
      68.80781758957656,
      68.80781758957656,
      68.80781758957656,
      68.80781758957656,
      68.80781758957656,
      68.80781758957654,
      68.80781758957656,
      68.80781758957656,
      68.80781758957656,
      68.80781758957656
    ],
    "VAE": [
      38.74574493059835,
      24.14356520922075,
      17.75766595529596,
      26.056700585166187,
      20.655213957431624,
      36.95300242322265,
      22.34197388048342,
      37.33721601451367,
      29.719778248359017,
      20.121351956042506
    ]
  }
}