{
  "conformance": {
    "LOG_4": [
      0.9883341911133986,
      0.9868330759993138,
      0.9849791013584117,
      0.9843379836799157
    ],
    "LSTM_1": [],
    "LSTM_2": [
      0.9071881969463029,
      0.9043575227311716,
      0.8836421341568024,
      0.8950934980271058,
      0.9061588608680735,
      0.8983959512780922,
      0.8844999142219936,
      0.9182964487905301,
      0.9094613141190598,
      0.8903757076685539
    ],
    "VAE": [
      0.9752530451192314,
      0.9610138960370561,
      0.9727225939269171,
      0.9652170183564934,
      0.9696345856922286,
      0.9673614685194716,
      0.9727654829301766,
      0.9741379310344827,
      0.9659890204151658,
      0.9677903585520672
    ]
  },
  "ngram_2": {
    "LOG_4": [
      0.09488448844884488,
      0.0701442402687216,
      0.12059134107708554,
      0.1037676278678173
    ],
    "LSTM_1": [],
    "LSTM_2": [
      0.2247191011235955,
      0.24317668787194746,
      0.22863831447522434,
      0.2419156774457634,
      0.2202676864244742,
      0.22063709204612078,
      0.25577657223226846,
      0.2166183574879227,
      0.2253411306042885,
      0.2301710730948678
    ],
    "VAE": [
      0.11055486024196913,
      0.12507909723686986,
      0.1283812795191069,
      0.11152263374485596,
      0.10460251046025104,
      0.12468300929839392,
      0.10841836734693877,
      0.11502546689303905,
      0.1074311736700476,
      0.10244105987899019
    ]
  },
  "aed": {
    "LOG_4": [
      344.6029937713483,
      173.33526400100504,
      507.83029753484925,
      260.93312246280783
    ],
    "LSTM_1": [],
    "LSTM_2": [
      1236.795555831923,
      1236.813924050633,
      1236.8082857099162,
      1236.813924050633,
      1236.8031007031261,
      1236.807860994853,
      1236.813924050633,
      1236.8119493270942,
      1236.8066864149273,
      1236.813924050633
    ],
    "VAE": [
      1877.567758887535,
      1804.5685016471382,
      2524.5335584382947,
      2425.475265925558,
      2577.3762431659193,
      2107.4957935175817,
      2292.7229776623117,
      2052.8204311995646,
      1950.2034434082336,
      1808.9682484545187
    ]
  },
  "ctd": {
    "LOG_4": [
      546.93815097176,
      375.49296682057354,
      1146.1581098757358,
      324.38069086715376
    ],
    "LSTM_1": [],
    "LSTM_2": [
      523.6616020616342,
      523.6690647482013,
      523.6690647482013,
      523.6690647482013,
      523.6616020616342,
      523.6690647482013,
      523.6834532374099,
      523.6690647482013,
      523.6834532374099,
      523.6690647482013
    ],
    "VAE": [
      365.43444647267273,
      570.0527220015035,
      376.1785139052938,
      732.7178138086546,
      322.8532696231076,
      420.11940298507477,
      216.08053258885445,
      367.94019113067765,
      472.1570385482661,
      246.73075271126388
    ]
  },
  "red": {
    "LOG_4": [
      33.34952782800874,
      76.55282323501993,
      81.2923216423053,
      26.848799237268224
    ],
    "LSTM_1": [],
    "LSTM_2": [
      91.5881752001111,
      91.58902953586505,
      91.58902953586505,
      91.58902953586505,
      91.58786989148935,
      91.58902953586505,
      91.58902953586504,
      91.58902953586505,
      91.58902953586505,
      91.58902953586505
    ],
    "VAE": [
      42.2932683650229,
      54.56641728308634,
      44.81296185779649,
      58.27751837070262,
      41.38392162205365,
      46.29180012644083,
      37.514288872920076,
      42.89173146692276,
      45.91913544535192,
      34.36682170542625
    ]
  }
}