{
  "conformance": {
    "LOG_4": [
      1.0,
      1.0,
      1.0,
      1.0
    ],
    "LSTM_1": [],
    "LSTM_2": [
      0.9656405722552645,
      0.9672078443980068,
      0.9661629963028452,
      0.9677704549107861,
      0.9613004340138241,
      0.9647966564860955,
      0.9658013181160585,
      0.964836842951294,
      0.9666452338852275,
      0.9651985211380807
    ],
    "VAE": [
      1.0,
      1.0,
      1.0,
      1.0,
      1.0,
      1.0,
      1.0,
      1.0,
      1.0,
      1.0
    ]
  },
  "ngram_2": {
    "LOG_4": [
      0.09728988488325936,
      0.1499774704516308,
      0.03876463524467127,
      0.05921509820416225
    ],
    "LSTM_1": [],
    "LSTM_2": [
      0.2124905619674253,
      0.21498559077809798,
      0.21135590184488626,
      0.2148022883459864,
      0.21731770129846742,
      0.21053387426848094,
      0.20906637884511603,
      0.21655524405147006,
      0.21100554946929834,
      0.2200229901573389
    ],
    "VAE": [
      0.05042840546035434,
      0.053695766191018755,
      0.05720832055422252,
      0.051054645700709146,
      0.0533724127949052,
      0.05252496020836348,
      0.056292228203923836,
      0.05678022712090848,
      0.053626961741520214,
      0.05546230620679698
    ]
  },
  "aed": {
    "LOG_4": [
      1652.8034032860385,
      825.6104424224284,
      1517.0459313892816,
      1521.6027197490857
    ],
    "LSTM_1": [],
    "LSTM_2": [
      4219.385460326636,
      4219.385460326637,
      4219.385460326636,
      4219.385460326636,
      4219.385460326636,
      4219.385460326636,
      4219.385460326636,
      4219.385460326636,
      4219.385460326637,
      4219.385460326637
    ],
    "VAE": [
      23285.98022599272,
      21045.51530095667,
      19557.161873487094,
      12407.749990567852,
      8341.866365318576,
      16345.046121960448,
      12639.828015203211,
      7820.335934728408,
      20197.387306054745,
      18220.618597017154
    ]
  },
  "ctd": {
    "LOG_4": [
      1811.6760847503456,
      1880.9390489012012,
      683.0836714219226,
      603.0301018397719
    ],
    "LSTM_1": [],
    "LSTM_2": [
      3726.9230030414597,
      3726.9230030414597,
      3726.9230030414597,
      3726.9230030414597,
      3726.9230030414597,
      3726.9230030414597,
      3726.9230030414597,
      3726.9230030414597,
      3726.9230030414597,
      3726.9230030414597
    ],
    "VAE": [
      1267.9202593743953,
      1303.4558765220645,
      1325.6069443344059,
      1268.563210781619,
      1291.6770199832554,
      1283.6156820697502,
      1322.8971922275787,
      1322.8313639542318,
      1298.430469129603,
      1302.7859996813902
    ]
  },
  "red": {
    "LOG_4": [
      926.2993755002376,
      901.3956511140769,
      308.0846704669941,
      464.3372614215496
    ],
    "LSTM_1": [],
    "LSTM_2": [
      2324.224887989594,
      2324.224887989594,
      2324.2248879895938,
      2324.224887989594,
      2324.224887989594,
      2324.2248879895938,
      2324.2248879895938,
      2324.224887989594,
      2324.2248879895938,
      2324.2248879895938
    ],
    "VAE": [
      640.387050526362,
      645.9129491304424,
      645.2653889652444,
      637.6006760819837,
      639.3565052686421,
      635.4479662819659,
      647.0021287929835,
      647.2726821153921,
      641.0870324944499,
      636.2012359902859
    ]
  }
}