{
  "conformance": {
    "LOG_4": [
      1.0,
      1.0,
      1.0,
      1.0
    ],
    "LSTM_1": [
      0.9587962962962963,
      0.9516203703703704,
      0.9587191358024691,
      0.9563271604938272,
      0.9584876543209877,
      0.9564814814814815,
      0.957716049382716,
      0.9539351851851852,
      0.9555941358024691,
      0.9582175925925925
    ],
    "LSTM_2": [
      0.9649691358024691,
      0.9670524691358025,
      0.9666280864197531,
      0.9670910493827161,
      0.960570987654321,
      0.9655478395061728,
      0.9653935185185185,
      0.9653549382716049,
      0.9672067901234568,
      0.9652777777777778
    ],
    "VAE": [
      1.0,
      1.0,
      1.0,
      1.0,
      1.0,
      1.0,
      1.0,
      1.0,
      1.0,
      1.0
    ]
  },
  "ngram_2": {
    "LOG_4": [
      0.10134409975979966,
      0.14903250326354578,
      0.03869016214695227,
      0.06018062822704588
    ],
    "LSTM_1": [
      0.19632445075599364,
      0.20120090067550664,
      0.20243199785609003,
      0.19766686109490875,
      0.19724870198166913,
      0.1971417123013223,
      0.19885488515368646,
      0.1964479098982023,
      0.19577920993755635,
      0.1969600801737097
    ],
    "LSTM_2": [
      0.20453702767384635,
      0.20629931903820484,
      0.20213284890077543,
      0.20605815013676426,
      0.2078424744358996,
      0.20229695367361028,
      0.20119521912350596,
      0.20697042797618043,
      0.20196828499688244,
      0.21080115895155313
    ],
    "VAE": [
      0.050141459590278485,
      0.055096465477745916,
      0.05818600555442661,
      0.05250259534709576,
      0.05449979638930365,
      0.053357100415923946,
      0.05786664407354063,
      0.05695988072648414,
      0.054611444659272076,
      0.0564760437998206
    ]
  },
  "aed": {
    "LOG_4": [
      1608.3045182005478,
      872.6379753054043,
      1519.9297507814317,
      1534.7137540796546
    ],
    "LSTM_1": [
      3460.176325813184,
      3458.926279091919,
      3460.5994590874743,
      4226.454351674191,
      4226.55206440688,
      4225.601913360206,
      4226.025250529245,
      4226.222443931139,
      4226.18667400614,
      4224.493637879124
    ],
    "LSTM_2": [
      4332.34603445949,
      4332.34603445949,
      4332.34603445949,
      4332.3460344594905,
      4332.3460344594905,
      4332.34603445949,
      4332.3460344594905,
      4332.34603445949,
      4332.346034459489,
      4332.346034459489
    ],
    "VAE": [
      23875.46656933016,
      21637.801202737275,
      20089.708233654328,
      12931.983494602879,
      8922.679863548678,
      16875.195498682693,
      13204.401132500972,
      8395.164559205288,
      20774.999147048944,
      18823.370008724043
    ]
  },
  "ctd": {
    "LOG_4": [
      1857.7592592592598,
      2034.4370370370366,
      772.3925925925923,
      730.614814814813
    ],
    "LSTM_1": [
      3764.783024691358,
      3763.221450617284,
      3765.4856481481474,
      3765.427160493827,
      3765.195679012346,
      3761.982870370371,
      3763.6233024691355,
      3764.4459876543215,
      3763.2344135802464,
      3760.502314814815
    ],
    "LSTM_2": [
      3888.451851851852,
      3888.451851851852,
      3888.451851851852,
      3888.451851851852,
      3888.451851851852,
      3888.451851851852,
      3888.451851851852,
      3888.451851851852,
      3888.451851851852,
      3888.451851851852
    ],
    "VAE": [
      1344.5859567901234,
      1381.3955246913574,
      1380.7807098765443,
      1342.793827160495,
      1364.0654320987662,
      1356.6307098765437,
      1409.7569444444443,
      1403.4993827160501,
      1368.1155864197544,
      1369.5859567901239
    ]
  },
  "red": {
    "LOG_4": [
      940.9910522306014,
      964.3281130824918,
      323.423932962478,
      493.77524355951823
    ],
    "LSTM_1": [
      2331.1943578699616,
      2330.13312785276,
      2331.329458752486,
      2331.4587585022546,
      2331.3570844605465,
      2330.4012654966073,
      2330.5126482095866,
      2331.256799013406,
      2330.9822467662843,
      2329.243810347945
    ],
    "LSTM_2": [
      2423.089837599532,
      2423.0898375995316,
      2423.089837599532,
      2423.089837599532,
      2423.089837599532,
      2423.089837599532,
      2423.089837599532,
      2423.089837599532,
      2423.089837599532,
      2423.089837599532
    ],
    "VAE": [
      654.7230940526531,
      658.0400876723927,
      650.356039128596,
      650.887582544431,
      648.4720505619925,
      651.2160150304101,
      658.3907994532319,
      660.4002216907222,
      646.0776327707076,
      638.2135925795958
    ]
  }
}